{
    "Mentiongift": false,
    "Mentionkick": false,
    "Respontag": "ngapain lu ngetag gue? Mau bilang kalo lu udah punya pacar? Gue ga butuh info lu. Kalo lu udah punya baru lu boleh tag gue ????dad??",
    "Talkblacklist": {},
    "Talkdblacklist": false,
    "Talkwblacklist": false,
    "addadmin": false,
    "addbots": false,
    "addstaff": false,
    "admin": {},
    "autoAdd": true,
    "autoJoin": true,
    "autoJoinTicket": false,
    "autoLeave": false,
    "autoLeave1": false,
    "blacklist": {
        "U73ef509d545821a556dff2dee4459edf": true,
        "U73ef509d545821a556dff2dee4459edf": true,
        "U73ef509d545821a556dff2dee4459edf": true
    },
    "bots": {},
    "comment": "Like like & like by Aditmadzs",
    "contact": false,
    "dblacklist": false,
    "delladmin": true,
    "dellbots": false,
    "dellstaff": false,
    "detectMention": false,
    "leave": "Güle Güle",
    "limit": 1,
    "mention": "Gel Pisi Pisi :)",
    "message": "Teşekkür Ederim... (^_^)\n\nCreator : http://line.me/ti/p/~adit_cmct\n\n-AUTO ADD CHAT-",
    "owner": {},
    "selfbot": true,
    "staff": {},
    "sticker": false,
    "talkban": false,
    "unsend": true,
    "wblacklist": false,
    "welcome": "Selamat datang!!!",
    "welcomeOn": true
}
